[{"pk": 1, "model": "contenttypes.contenttype", "fields": {"model": "logentry", "name": "log entry", "app_label": "admin"}}, {"pk": 2, "model": "contenttypes.contenttype", "fields": {"model": "permission", "name": "permission", "app_label": "auth"}}, {"pk": 3, "model": "contenttypes.contenttype", "fields": {"model": "group", "name": "group", "app_label": "auth"}}, {"pk": 4, "model": "contenttypes.contenttype", "fields": {"model": "user", "name": "user", "app_label": "auth"}}, {"pk": 5, "model": "contenttypes.contenttype", "fields": {"model": "contenttype", "name": "content type", "app_label": "contenttypes"}}, {"pk": 6, "model": "contenttypes.contenttype", "fields": {"model": "session", "name": "session", "app_label": "sessions"}}, {"pk": 7, "model": "contenttypes.contenttype", "fields": {"model": "discipline", "name": "discipline", "app_label": "exercises"}}, {"pk": 8, "model": "contenttypes.contenttype", "fields": {"model": "exercise", "name": "exercise", "app_label": "exercises"}}, {"pk": 9, "model": "contenttypes.contenttype", "fields": {"model": "exoresult", "name": "exo result", "app_label": "exercises"}}, {"pk": 10, "model": "contenttypes.contenttype", "fields": {"model": "exoresultdetail", "name": "exo result detail", "app_label": "exercises"}}, {"pk": 11, "model": "contenttypes.contenttype", "fields": {"model": "migrationhistory", "name": "migration history", "app_label": "south"}}, {"pk": "e3x2nrrmzifk0q09bii0h6bjs3wit3n1", "model": "sessions.session", "fields": {"expire_date": "2014-08-24T10:45:42Z", "session_data": "YTgwYWZjZjBjYzQxYjljYTAzNGVlNTJiMjM0ZTQxM2U1OTk0Mjg0NDp7fQ=="}}, {"pk": "h00jtzx9qz6fu9iqafsombnvac4jhf90", "model": "sessions.session", "fields": {"expire_date": "2014-08-24T04:45:02Z", "session_data": "YTgwYWZjZjBjYzQxYjljYTAzNGVlNTJiMjM0ZTQxM2U1OTk0Mjg0NDp7fQ=="}}, {"pk": 3, "model": "exercises.discipline", "fields": {"name": "Math"}}, {"pk": 4, "model": "exercises.discipline", "fields": {"name": "G\u00e9ographie"}}, {"pk": 5, "model": "exercises.discipline", "fields": {"name": "Fran\u00e7ais"}}, {"pk": 3, "model": "exercises.exercise", "fields": {"discipline": 4, "exo_number": 1, "question_date": "2014-08-10", "question": "De quel pays Paris est la capitale?;Australie;Burkina-Faso;France;", "file": "", "answer": "France;"}}, {"pk": 4, "model": "exercises.exercise", "fields": {"discipline": 3, "exo_number": 1, "question_date": "2014-08-10", "question": "28/7=?;2;3;4;", "file": "", "answer": "4;"}}, {"pk": 5, "model": "exercises.exercise", "fields": {"discipline": 5, "exo_number": 1, "question_date": "2014-08-10", "question": "quel est ce son?", "file": "static/exercises/duck-01.mp3", "answer": "canard"}}, {"pk": 6, "model": "exercises.exercise", "fields": {"discipline": 5, "exo_number": 2, "question_date": "2014-08-10", "question": "Quelle est la capitale de la Belgique?", "file": "", "answer": "Bruxelles"}}, {"pk": 7, "model": "exercises.exercise", "fields": {"discipline": 3, "exo_number": 2, "question_date": "2014-08-10", "question": "4+3 ?", "file": "", "answer": "7"}}, {"pk": 8, "model": "exercises.exercise", "fields": {"discipline": 3, "exo_number": 2, "question_date": "2014-08-10", "question": "4-2=?", "file": "", "answer": "2"}}, {"pk": 9, "model": "exercises.exercise", "fields": {"discipline": 4, "exo_number": 2, "question_date": "2014-08-10", "question": "Les canadiens sont les habitants du \"__\" ?", "file": "", "answer": "Canada"}}, {"pk": 10, "model": "exercises.exercise", "fields": {"discipline": 3, "exo_number": 1, "question_date": "2014-08-10", "question": "4+4=?", "file": "", "answer": "8"}}, {"pk": 11, "model": "exercises.exercise", "fields": {"discipline": 5, "exo_number": 1, "question_date": "2014-08-10", "question": "Quel est le pluriel de \"cheval\"?;chevaux;chevals;", "file": "", "answer": "chevaux;"}}, {"pk": 1, "model": "auth.permission", "fields": {"codename": "add_logentry", "name": "Can add log entry", "content_type": 1}}, {"pk": 2, "model": "auth.permission", "fields": {"codename": "change_logentry", "name": "Can change log entry", "content_type": 1}}, {"pk": 3, "model": "auth.permission", "fields": {"codename": "delete_logentry", "name": "Can delete log entry", "content_type": 1}}, {"pk": 4, "model": "auth.permission", "fields": {"codename": "add_permission", "name": "Can add permission", "content_type": 2}}, {"pk": 5, "model": "auth.permission", "fields": {"codename": "change_permission", "name": "Can change permission", "content_type": 2}}, {"pk": 6, "model": "auth.permission", "fields": {"codename": "delete_permission", "name": "Can delete permission", "content_type": 2}}, {"pk": 7, "model": "auth.permission", "fields": {"codename": "add_group", "name": "Can add group", "content_type": 3}}, {"pk": 8, "model": "auth.permission", "fields": {"codename": "change_group", "name": "Can change group", "content_type": 3}}, {"pk": 9, "model": "auth.permission", "fields": {"codename": "delete_group", "name": "Can delete group", "content_type": 3}}, {"pk": 10, "model": "auth.permission", "fields": {"codename": "add_user", "name": "Can add user", "content_type": 4}}, {"pk": 11, "model": "auth.permission", "fields": {"codename": "change_user", "name": "Can change user", "content_type": 4}}, {"pk": 12, "model": "auth.permission", "fields": {"codename": "delete_user", "name": "Can delete user", "content_type": 4}}, {"pk": 13, "model": "auth.permission", "fields": {"codename": "add_contenttype", "name": "Can add content type", "content_type": 5}}, {"pk": 14, "model": "auth.permission", "fields": {"codename": "change_contenttype", "name": "Can change content type", "content_type": 5}}, {"pk": 15, "model": "auth.permission", "fields": {"codename": "delete_contenttype", "name": "Can delete content type", "content_type": 5}}, {"pk": 16, "model": "auth.permission", "fields": {"codename": "add_session", "name": "Can add session", "content_type": 6}}, {"pk": 17, "model": "auth.permission", "fields": {"codename": "change_session", "name": "Can change session", "content_type": 6}}, {"pk": 18, "model": "auth.permission", "fields": {"codename": "delete_session", "name": "Can delete session", "content_type": 6}}, {"pk": 19, "model": "auth.permission", "fields": {"codename": "add_discipline", "name": "Can add discipline", "content_type": 7}}, {"pk": 20, "model": "auth.permission", "fields": {"codename": "change_discipline", "name": "Can change discipline", "content_type": 7}}, {"pk": 21, "model": "auth.permission", "fields": {"codename": "delete_discipline", "name": "Can delete discipline", "content_type": 7}}, {"pk": 22, "model": "auth.permission", "fields": {"codename": "add_exercise", "name": "Can add exercise", "content_type": 8}}, {"pk": 23, "model": "auth.permission", "fields": {"codename": "change_exercise", "name": "Can change exercise", "content_type": 8}}, {"pk": 24, "model": "auth.permission", "fields": {"codename": "delete_exercise", "name": "Can delete exercise", "content_type": 8}}, {"pk": 25, "model": "auth.permission", "fields": {"codename": "add_exoresult", "name": "Can add exo result", "content_type": 9}}, {"pk": 26, "model": "auth.permission", "fields": {"codename": "change_exoresult", "name": "Can change exo result", "content_type": 9}}, {"pk": 27, "model": "auth.permission", "fields": {"codename": "delete_exoresult", "name": "Can delete exo result", "content_type": 9}}, {"pk": 28, "model": "auth.permission", "fields": {"codename": "add_exoresultdetail", "name": "Can add exo result detail", "content_type": 10}}, {"pk": 29, "model": "auth.permission", "fields": {"codename": "change_exoresultdetail", "name": "Can change exo result detail", "content_type": 10}}, {"pk": 30, "model": "auth.permission", "fields": {"codename": "delete_exoresultdetail", "name": "Can delete exo result detail", "content_type": 10}}, {"pk": 31, "model": "auth.permission", "fields": {"codename": "add_migrationhistory", "name": "Can add migration history", "content_type": 11}}, {"pk": 32, "model": "auth.permission", "fields": {"codename": "change_migrationhistory", "name": "Can change migration history", "content_type": 11}}, {"pk": 33, "model": "auth.permission", "fields": {"codename": "delete_migrationhistory", "name": "Can delete migration history", "content_type": 11}}, {"pk": 1, "model": "auth.user", "fields": {"username": "pgb", "first_name": "", "last_name": "", "is_active": true, "is_superuser": true, "is_staff": true, "last_login": "2014-08-10T10:44:51Z", "groups": [], "user_permissions": [], "password": "pbkdf2_sha256$12000$ixrgWFbdhwIK$O4FCyKCVIBZfCujIZi06bPnB5dWi0v6Hd/XfsJ4ETu4=", "email": "", "date_joined": "2014-08-10T00:03:07Z"}}, {"pk": 2, "model": "auth.user", "fields": {"username": "picsou", "first_name": "", "last_name": "", "is_active": true, "is_superuser": false, "is_staff": false, "last_login": "2014-08-10T00:29:33Z", "groups": [], "user_permissions": [], "password": "pbkdf2_sha256$12000$ZmcJBZB0UWvy$f1xcQzLRRFaEHVzl1IDJPzBIY42rp2m2l1Eyt8WPwt0=", "email": "", "date_joined": "2014-08-10T00:21:06Z"}}, {"pk": 3, "model": "auth.user", "fields": {"username": "donald", "first_name": "", "last_name": "", "is_active": true, "is_superuser": false, "is_staff": false, "last_login": "2014-08-10T04:44:03Z", "groups": [], "user_permissions": [], "password": "pbkdf2_sha256$12000$HaLrtObbW3MU$tt0ht8s5PpWUZij5zspRTwt6eW1N13Iau+OhvqIgbAY=", "email": "", "date_joined": "2014-08-10T00:21:19Z"}}, {"pk": 4, "model": "auth.user", "fields": {"username": "fifi", "first_name": "", "last_name": "", "is_active": true, "is_superuser": false, "is_staff": false, "last_login": "2014-08-10T00:34:12Z", "groups": [], "user_permissions": [], "password": "pbkdf2_sha256$12000$48j2YwTAm6oD$msceYhTjrXxYyWvfRrPB38yJ+c95I31bAENs+gQdEgQ=", "email": "", "date_joined": "2014-08-10T00:21:36Z"}}, {"pk": 1, "model": "exercises.exoresult", "fields": {"discipline": 3, "exo_number": 1, "try_number": 3, "result": 100, "result_date": "2014-08-10T00:23:16Z", "user": 2}}, {"pk": 2, "model": "exercises.exoresult", "fields": {"discipline": 4, "exo_number": 2, "try_number": 1, "result": 0, "result_date": "2014-08-10T00:23:32Z", "user": 2}}, {"pk": 3, "model": "exercises.exoresult", "fields": {"discipline": 5, "exo_number": 1, "try_number": 1, "result": 50, "result_date": "2014-08-10T00:23:53Z", "user": 2}}, {"pk": 4, "model": "exercises.exoresult", "fields": {"discipline": 3, "exo_number": 2, "try_number": 1, "result": 50, "result_date": "2014-08-10T00:24:13Z", "user": 3}}, {"pk": 5, "model": "exercises.exoresult", "fields": {"discipline": 4, "exo_number": 1, "try_number": 4, "result": 100, "result_date": "2014-08-10T00:25:34Z", "user": 3}}, {"pk": 6, "model": "exercises.exoresult", "fields": {"discipline": 5, "exo_number": 1, "try_number": 1, "result": 100, "result_date": "2014-08-10T00:25:50Z", "user": 3}}, {"pk": 7, "model": "exercises.exoresult", "fields": {"discipline": 3, "exo_number": 1, "try_number": 1, "result": 100, "result_date": "2014-08-10T00:26:12Z", "user": 4}}, {"pk": 8, "model": "exercises.exoresult", "fields": {"discipline": 4, "exo_number": 1, "try_number": 1, "result": 0, "result_date": "2014-08-10T00:26:22Z", "user": 4}}, {"pk": 9, "model": "exercises.exoresult", "fields": {"discipline": 5, "exo_number": 2, "try_number": 1, "result": 100, "result_date": "2014-08-10T00:26:41Z", "user": 4}}, {"pk": 1, "model": "exercises.exoresultdetail", "fields": {"discipline": 3, "exo_number": 1, "try_number": 2, "exo_number_detail": 1, "user": 2, "truth": false, "result_date": "2014-08-10T00:22:15Z"}}, {"pk": 2, "model": "exercises.exoresultdetail", "fields": {"discipline": 3, "exo_number": 1, "try_number": 1, "exo_number_detail": 2, "user": 2, "truth": true, "result_date": "2014-08-10T00:22:07Z"}}, {"pk": 3, "model": "exercises.exoresultdetail", "fields": {"discipline": 3, "exo_number": 1, "try_number": 1, "exo_number_detail": 1, "user": 2, "truth": true, "result_date": "2014-08-10T00:23:16Z"}}, {"pk": 4, "model": "exercises.exoresultdetail", "fields": {"discipline": 4, "exo_number": 2, "try_number": 1, "exo_number_detail": 1, "user": 2, "truth": false, "result_date": "2014-08-10T00:23:32Z"}}, {"pk": 5, "model": "exercises.exoresultdetail", "fields": {"discipline": 5, "exo_number": 1, "try_number": 1, "exo_number_detail": 1, "user": 2, "truth": true, "result_date": "2014-08-10T00:23:53Z"}}, {"pk": 6, "model": "exercises.exoresultdetail", "fields": {"discipline": 5, "exo_number": 1, "try_number": 1, "exo_number_detail": 2, "user": 2, "truth": false, "result_date": "2014-08-10T00:23:53Z"}}, {"pk": 7, "model": "exercises.exoresultdetail", "fields": {"discipline": 3, "exo_number": 2, "try_number": 1, "exo_number_detail": 1, "user": 3, "truth": true, "result_date": "2014-08-10T00:24:13Z"}}, {"pk": 8, "model": "exercises.exoresultdetail", "fields": {"discipline": 3, "exo_number": 2, "try_number": 1, "exo_number_detail": 2, "user": 3, "truth": false, "result_date": "2014-08-10T00:24:13Z"}}, {"pk": 9, "model": "exercises.exoresultdetail", "fields": {"discipline": 4, "exo_number": 1, "try_number": 3, "exo_number_detail": 1, "user": 3, "truth": false, "result_date": "2014-08-10T00:25:30Z"}}, {"pk": 10, "model": "exercises.exoresultdetail", "fields": {"discipline": 4, "exo_number": 1, "try_number": 1, "exo_number_detail": 1, "user": 3, "truth": true, "result_date": "2014-08-10T00:25:34Z"}}, {"pk": 11, "model": "exercises.exoresultdetail", "fields": {"discipline": 5, "exo_number": 1, "try_number": 1, "exo_number_detail": 1, "user": 3, "truth": true, "result_date": "2014-08-10T00:25:50Z"}}, {"pk": 12, "model": "exercises.exoresultdetail", "fields": {"discipline": 5, "exo_number": 1, "try_number": 1, "exo_number_detail": 2, "user": 3, "truth": true, "result_date": "2014-08-10T00:25:50Z"}}, {"pk": 13, "model": "exercises.exoresultdetail", "fields": {"discipline": 3, "exo_number": 1, "try_number": 1, "exo_number_detail": 1, "user": 4, "truth": true, "result_date": "2014-08-10T00:26:12Z"}}, {"pk": 14, "model": "exercises.exoresultdetail", "fields": {"discipline": 3, "exo_number": 1, "try_number": 1, "exo_number_detail": 2, "user": 4, "truth": true, "result_date": "2014-08-10T00:26:12Z"}}, {"pk": 15, "model": "exercises.exoresultdetail", "fields": {"discipline": 4, "exo_number": 1, "try_number": 1, "exo_number_detail": 1, "user": 4, "truth": false, "result_date": "2014-08-10T00:26:22Z"}}, {"pk": 16, "model": "exercises.exoresultdetail", "fields": {"discipline": 5, "exo_number": 2, "try_number": 1, "exo_number_detail": 1, "user": 4, "truth": true, "result_date": "2014-08-10T00:26:41Z"}}, {"pk": 1, "model": "admin.logentry", "fields": {"action_flag": 1, "action_time": "2014-08-10T00:03:42Z", "object_repr": "G\u00e9ographie", "object_id": "1", "change_message": "", "user": 1, "content_type": 7}}, {"pk": 3, "model": "admin.logentry", "fields": {"action_flag": 1, "action_time": "2014-08-10T00:07:59Z", "object_repr": "Discipline object", "object_id": "2", "change_message": "", "user": 1, "content_type": 7}}, {"pk": 4, "model": "admin.logentry", "fields": {"action_flag": 1, "action_time": "2014-08-10T00:08:03Z", "object_repr": "Discipline object", "object_id": "3", "change_message": "", "user": 1, "content_type": 7}}, {"pk": 5, "model": "admin.logentry", "fields": {"action_flag": 1, "action_time": "2014-08-10T00:15:35Z", "object_repr": "Exercise object", "object_id": "2", "change_message": "", "user": 1, "content_type": 8}}, {"pk": 6, "model": "admin.logentry", "fields": {"action_flag": 3, "action_time": "2014-08-10T00:16:21Z", "object_repr": "Exercise object", "object_id": "2", "change_message": "", "user": 1, "content_type": 8}}, {"pk": 7, "model": "admin.logentry", "fields": {"action_flag": 3, "action_time": "2014-08-10T00:16:33Z", "object_repr": "G\u00e9ographie", "object_id": "2", "change_message": "", "user": 1, "content_type": 7}}, {"pk": 8, "model": "admin.logentry", "fields": {"action_flag": 3, "action_time": "2014-08-10T00:16:33Z", "object_repr": "G\u00e9ographie", "object_id": "1", "change_message": "", "user": 1, "content_type": 7}}, {"pk": 9, "model": "admin.logentry", "fields": {"action_flag": 1, "action_time": "2014-08-10T00:16:42Z", "object_repr": "G\u00e9ographie", "object_id": "4", "change_message": "", "user": 1, "content_type": 7}}, {"pk": 10, "model": "admin.logentry", "fields": {"action_flag": 1, "action_time": "2014-08-10T00:16:46Z", "object_repr": "Fran\u00e7ais", "object_id": "5", "change_message": "", "user": 1, "content_type": 7}}, {"pk": 11, "model": "admin.logentry", "fields": {"action_flag": 1, "action_time": "2014-08-10T00:17:02Z", "object_repr": "Exercise object", "object_id": "3", "change_message": "", "user": 1, "content_type": 8}}, {"pk": 12, "model": "admin.logentry", "fields": {"action_flag": 1, "action_time": "2014-08-10T00:17:24Z", "object_repr": "Exercise object", "object_id": "4", "change_message": "", "user": 1, "content_type": 8}}, {"pk": 13, "model": "admin.logentry", "fields": {"action_flag": 1, "action_time": "2014-08-10T00:18:27Z", "object_repr": "Exercise object", "object_id": "5", "change_message": "", "user": 1, "content_type": 8}}, {"pk": 14, "model": "admin.logentry", "fields": {"action_flag": 1, "action_time": "2014-08-10T00:18:50Z", "object_repr": "Exercise object", "object_id": "6", "change_message": "", "user": 1, "content_type": 8}}, {"pk": 15, "model": "admin.logentry", "fields": {"action_flag": 1, "action_time": "2014-08-10T00:19:09Z", "object_repr": "Exercise object", "object_id": "7", "change_message": "", "user": 1, "content_type": 8}}, {"pk": 16, "model": "admin.logentry", "fields": {"action_flag": 1, "action_time": "2014-08-10T00:19:24Z", "object_repr": "Exercise object", "object_id": "8", "change_message": "", "user": 1, "content_type": 8}}, {"pk": 17, "model": "admin.logentry", "fields": {"action_flag": 1, "action_time": "2014-08-10T00:19:41Z", "object_repr": "Exercise object", "object_id": "9", "change_message": "", "user": 1, "content_type": 8}}, {"pk": 18, "model": "admin.logentry", "fields": {"action_flag": 1, "action_time": "2014-08-10T00:20:17Z", "object_repr": "Exercise object", "object_id": "10", "change_message": "", "user": 1, "content_type": 8}}, {"pk": 19, "model": "admin.logentry", "fields": {"action_flag": 1, "action_time": "2014-08-10T00:20:37Z", "object_repr": "Exercise object", "object_id": "11", "change_message": "", "user": 1, "content_type": 8}}, {"pk": 20, "model": "admin.logentry", "fields": {"action_flag": 1, "action_time": "2014-08-10T00:21:06Z", "object_repr": "picsou", "object_id": "2", "change_message": "", "user": 1, "content_type": 4}}, {"pk": 21, "model": "admin.logentry", "fields": {"action_flag": 1, "action_time": "2014-08-10T00:21:19Z", "object_repr": "donald", "object_id": "3", "change_message": "", "user": 1, "content_type": 4}}, {"pk": 22, "model": "admin.logentry", "fields": {"action_flag": 1, "action_time": "2014-08-10T00:21:36Z", "object_repr": "fifi", "object_id": "4", "change_message": "", "user": 1, "content_type": 4}}, {"pk": 23, "model": "admin.logentry", "fields": {"action_flag": 2, "action_time": "2014-08-10T00:22:57Z", "object_repr": "Exercise object", "object_id": "4", "change_message": "Changed answer.", "user": 1, "content_type": 8}}, {"pk": 24, "model": "admin.logentry", "fields": {"action_flag": 2, "action_time": "2014-08-10T00:25:07Z", "object_repr": "Exercise object", "object_id": "3", "change_message": "Changed answer.", "user": 1, "content_type": 8}}]